,device_id,longitude,latitude,created_at
0,62205a8e-7361-11e6-984b-00163e00416f,115.1704378,34.620953,2016-09-13 22:49:02
1,62205a8e-7361-11e6-984b-00163e00416f,115.1704386,34.6209494,2016-09-13 22:43:53
2,62205a8e-7361-11e6-984b-00163e00416f,115.1704373,34.6209508,2016-09-13 22:38:49
3,62205a8e-7361-11e6-984b-00163e00416f,115.1704392,34.6209508,2016-09-13 22:33:39
4,62205a8e-7361-11e6-984b-00163e00416f,115.1704397,34.6209524,2016-09-13 22:28:34
5,62205a8e-7361-11e6-984b-00163e00416f,115.1704392,34.6209521,2016-09-13 22:23:23
6,62205a8e-7361-11e6-984b-00163e00416f,115.1704376,34.620953,2016-09-13 22:18:13
7,62205a8e-7361-11e6-984b-00163e00416f,115.1704384,34.6209532,2016-09-13 22:13:02
8,62205a8e-7361-11e6-984b-00163e00416f,115.1707151,34.6210482,2016-09-13 22:07:51
9,62205a8e-7361-11e6-984b-00163e00416f,115.170718,34.621049,2016-09-13 22:02:46
10,62205a8e-7361-11e6-984b-00163e00416f,115.1707039,34.6210449,2016-09-13 21:57:40
11,62205a8e-7361-11e6-984b-00163e00416f,115.1707115,34.621046,2016-09-13 21:52:31
12,62205a8e-7361-11e6-984b-00163e00416f,115.1704408,34.6209505,2016-09-13 21:47:22
13,62205a8e-7361-11e6-984b-00163e00416f,115.1704373,34.6209516,2016-09-13 21:42:12
14,62205a8e-7361-11e6-984b-00163e00416f,115.1704373,34.6209535,2016-09-13 21:37:02
15,62205a8e-7361-11e6-984b-00163e00416f,115.1704395,34.62095,2016-09-13 21:31:58
16,62205a8e-7361-11e6-984b-00163e00416f,115.1704395,34.6209489,2016-09-13 21:26:47
17,62205a8e-7361-11e6-984b-00163e00416f,115.1704395,34.6209497,2016-09-13 21:21:42
18,62205a8e-7361-11e6-984b-00163e00416f,115.1706991,34.6210409,2016-09-13 21:16:35
19,62205a8e-7361-11e6-984b-00163e00416f,115.1704395,34.6209513,2016-09-13 21:11:25
20,62205a8e-7361-11e6-984b-00163e00416f,115.1704395,34.6209505,2016-09-13 21:06:18
21,62205a8e-7361-11e6-984b-00163e00416f,115.1701139,34.6207954,2016-09-13 21:01:13
22,62205a8e-7361-11e6-984b-00163e00416f,115.170476236,34.6209720412,2016-09-13 20:56:08
23,62205a8e-7361-11e6-984b-00163e00416f,115.170483692,34.6209772879,2016-09-13 20:50:57
24,62205a8e-7361-11e6-984b-00163e00416f,115.170702,34.6210436,2016-09-13 20:45:49
25,62205a8e-7361-11e6-984b-00163e00416f,115.1707075,34.6210455,2016-09-13 20:40:44
26,62205a8e-7361-11e6-984b-00163e00416f,115.1705249,34.62096724,2016-09-13 20:35:34
27,62205a8e-7361-11e6-984b-00163e00416f,115.1707088,34.6210463,2016-09-13 20:30:25
28,62205a8e-7361-11e6-984b-00163e00416f,115.170476118,34.6209570867,2016-09-13 20:25:16
29,62205a8e-7361-11e6-984b-00163e00416f,115.1707126,34.6210495,2016-09-13 20:20:11
30,62205a8e-7361-11e6-984b-00163e00416f,115.170479176,34.6207826,2016-09-13 20:15:01
31,62205a8e-7361-11e6-984b-00163e00416f,115.170488171,34.6207821,2016-09-13 20:09:52
32,62205a8e-7361-11e6-984b-00163e00416f,115.1704975,34.6207937,2016-09-13 20:04:42
33,62205a8e-7361-11e6-984b-00163e00416f,115.170507426,34.6207821,2016-09-13 19:59:28
34,62205a8e-7361-11e6-984b-00163e00416f,115.1707067,34.621046,2016-09-13 19:54:23
35,62205a8e-7361-11e6-984b-00163e00416f,115.1707159,34.6210482,2016-09-13 19:49:14
36,62205a8e-7361-11e6-984b-00163e00416f,115.1704408,34.620947,2016-09-13 19:44:02
37,62205a8e-7361-11e6-984b-00163e00416f,115.1707083,34.6210465,2016-09-13 19:38:52
38,62205a8e-7361-11e6-984b-00163e00416f,115.1707113,34.6210468,2016-09-13 19:33:48
39,62205a8e-7361-11e6-984b-00163e00416f,115.1707083,34.6210449,2016-09-13 19:28:43
40,62205a8e-7361-11e6-984b-00163e00416f,115.1707048,34.6210447,2016-09-13 19:23:34
41,62205a8e-7361-11e6-984b-00163e00416f,115.1707023,34.6210433,2016-09-13 19:18:25
42,62205a8e-7361-11e6-984b-00163e00416f,115.1707034,34.6210444,2016-09-13 19:13:16
43,62205a8e-7361-11e6-984b-00163e00416f,115.1701166,34.6208021,2016-09-13 19:08:06
44,62205a8e-7361-11e6-984b-00163e00416f,115.1707256,34.6210449,2016-09-13 19:03:02
45,62205a8e-7361-11e6-984b-00163e00416f,115.1704571,34.6209589,2016-09-13 18:57:54
46,62205a8e-7361-11e6-984b-00163e00416f,115.1707205,34.6210444,2016-09-13 18:52:44
47,62205a8e-7361-11e6-984b-00163e00416f,115.170456,34.6209535,2016-09-13 18:47:34
48,62205a8e-7361-11e6-984b-00163e00416f,115.1704579,34.6209644,2016-09-13 18:42:24
49,62205a8e-7361-11e6-984b-00163e00416f,115.1704579,34.6209641,2016-09-13 18:37:18
50,62205a8e-7361-11e6-984b-00163e00416f,115.1704527,34.62104,2016-09-13 18:32:07
51,62205a8e-7361-11e6-984b-00163e00416f,115.1704549,34.6209668,2016-09-13 18:27:00
52,62205a8e-7361-11e6-984b-00163e00416f,115.1704571,34.6209646,2016-09-13 18:21:50
53,62205a8e-7361-11e6-984b-00163e00416f,115.1704582,34.6209644,2016-09-13 18:16:48
54,62205a8e-7361-11e6-984b-00163e00416f,115.1704508,34.6210398,2016-09-13 18:11:34
55,62205a8e-7361-11e6-984b-00163e00416f,115.1701324,34.6209283,2016-09-13 18:06:29
56,62205a8e-7361-11e6-984b-00163e00416f,115.1707246,34.6210601,2016-09-13 18:01:21
57,62205a8e-7361-11e6-984b-00163e00416f,115.1701199,34.6207677,2016-09-13 17:56:16
58,62205a8e-7361-11e6-984b-00163e00416f,115.170408,34.6207468,2016-09-13 17:51:05
59,62205a8e-7361-11e6-984b-00163e00416f,115.1702428,34.6205981,2016-09-13 17:46:00
60,62205a8e-7361-11e6-984b-00163e00416f,115.1706253,34.6211787,2016-09-13 17:40:46
61,62205a8e-7361-11e6-984b-00163e00416f,115.1704297,34.6209516,2016-09-13 17:35:41
62,62205a8e-7361-11e6-984b-00163e00416f,115.170242,34.6206041,2016-09-13 17:30:31
63,62205a8e-7361-11e6-984b-00163e00416f,115.1704362,34.6208968,2016-09-13 17:25:26
64,62205a8e-7361-11e6-984b-00163e00416f,115.170456,34.6209182,2016-09-13 17:20:16
65,62205a8e-7361-11e6-984b-00163e00416f,115.1706003,34.6211716,2016-09-13 17:15:07
66,62205a8e-7361-11e6-984b-00163e00416f,115.1703621,34.620711,2016-09-13 17:09:57
67,62205a8e-7361-11e6-984b-00163e00416f,115.1703727,34.6207365,2016-09-13 17:04:43
68,62205a8e-7361-11e6-984b-00163e00416f,115.1706291,34.6212288,2016-09-13 16:59:33
69,62205a8e-7361-11e6-984b-00163e00416f,115.1706304,34.6212193,2016-09-13 16:54:29
70,62205a8e-7361-11e6-984b-00163e00416f,115.1706163,34.621212,2016-09-13 16:49:19
71,62205a8e-7361-11e6-984b-00163e00416f,115.1706198,34.6211814,2016-09-13 16:44:15
72,62205a8e-7361-11e6-984b-00163e00416f,115.1703749,34.6207091,2016-09-13 16:39:04
73,62205a8e-7361-11e6-984b-00163e00416f,115.170607651,34.6211596641,2016-09-13 16:34:00
74,62205a8e-7361-11e6-984b-00163e00416f,115.170610784,34.6211653026,2016-09-13 16:28:52
75,62205a8e-7361-11e6-984b-00163e00416f,115.170614086,34.6211712459,2016-09-13 16:23:42
76,62205a8e-7361-11e6-984b-00163e00416f,115.170617572,34.6211775194,2016-09-13 16:18:31
77,62205a8e-7361-11e6-984b-00163e00416f,115.170621257,34.6211841514,2016-09-13 16:13:40
78,62205a8e-7361-11e6-984b-00163e00416f,115.1706359,34.6212033,2016-09-13 16:06:00
79,62205a8e-7361-11e6-984b-00163e00416f,115.1706348,34.6212042,2016-09-13 16:00:52
80,62205a8e-7361-11e6-984b-00163e00416f,115.1706179,34.6211966,2016-09-13 15:55:47
81,62205a8e-7361-11e6-984b-00163e00416f,115.1706269,34.6211993,2016-09-13 15:50:37
82,62205a8e-7361-11e6-984b-00163e00416f,115.1706258,34.6211919,2016-09-13 15:45:25
83,62205a8e-7361-11e6-984b-00163e00416f,115.1706296,34.6211822,2016-09-13 15:40:17
84,62205a8e-7361-11e6-984b-00163e00416f,115.1706448,34.6212155,2016-09-13 15:35:08
85,62205a8e-7361-11e6-984b-00163e00416f,115.170619,34.6211711,2016-09-13 15:29:58
86,62205a8e-7361-11e6-984b-00163e00416f,115.1706163,34.6211689,2016-09-13 15:24:46
87,62205a8e-7361-11e6-984b-00163e00416f,115.1706445,34.6212381,2016-09-13 15:19:48
88,62205a8e-7361-11e6-984b-00163e00416f,115.1706611,34.6212077,2016-09-13 15:14:21
89,62205a8e-7361-11e6-984b-00163e00416f,115.1706266,34.6212012,2016-09-13 15:09:28
90,62205a8e-7361-11e6-984b-00163e00416f,115.170651,34.621212,2016-09-13 15:04:03
91,62205a8e-7361-11e6-984b-00163e00416f,115.1706486,34.6211884,2016-09-13 14:59:05
92,62205a8e-7361-11e6-984b-00163e00416f,115.1706312,34.6211825,2016-09-13 14:53:45
93,62205a8e-7361-11e6-984b-00163e00416f,115.1706679,34.6212004,2016-09-13 14:48:52
94,62205a8e-7361-11e6-984b-00163e00416f,115.1706581,34.6212329,2016-09-13 14:43:35
95,62205a8e-7361-11e6-984b-00163e00416f,115.1706643,34.6211806,2016-09-13 14:38:38
96,62205a8e-7361-11e6-984b-00163e00416f,115.1706377,34.6211849,2016-09-13 14:33:18
97,62205a8e-7361-11e6-984b-00163e00416f,115.1706467,34.6212074,2016-09-13 14:28:26
98,62205a8e-7361-11e6-984b-00163e00416f,115.1704856,34.6210962,2016-09-13 14:25:03
99,62205a8e-7361-11e6-984b-00163e00416f,115.1706234,34.6211787,2016-09-13 14:14:59
100,62205a8e-7361-11e6-984b-00163e00416f,115.1705943,34.6211632,2016-09-13 14:04:51
101,62205a8e-7361-11e6-984b-00163e00416f,115.1706415,34.6212096,2016-09-13 13:54:44
102,62205a8e-7361-11e6-984b-00163e00416f,115.1704669,34.6210853,2016-09-13 13:44:30
103,62205a8e-7361-11e6-984b-00163e00416f,115.1705987,34.6211702,2016-09-13 13:34:22
104,62205a8e-7361-11e6-984b-00163e00416f,115.1706171,34.6211643,2016-09-13 13:24:17
105,62205a8e-7361-11e6-984b-00163e00416f,115.1705176,34.6211239,2016-09-13 13:14:06
106,62205a8e-7361-11e6-984b-00163e00416f,115.170609,34.6211816,2016-09-13 13:03:59
107,62205a8e-7361-11e6-984b-00163e00416f,115.1706353,34.621189,2016-09-13 12:53:51
108,62205a8e-7361-11e6-984b-00163e00416f,115.1706277,34.6211871,2016-09-13 12:43:44
109,62205a8e-7361-11e6-984b-00163e00416f,115.1706486,34.6212061,2016-09-13 12:33:32
110,62205a8e-7361-11e6-984b-00163e00416f,115.1706312,34.6211485,2016-09-13 12:23:17
111,62205a8e-7361-11e6-984b-00163e00416f,115.170407643,34.6211892,2016-09-13 12:13:03
112,62205a8e-7361-11e6-984b-00163e00416f,115.1706155,34.6211833,2016-09-13 12:03:00
113,62205a8e-7361-11e6-984b-00163e00416f,115.170214,34.6210379371,2016-09-13 11:52:53
114,62205a8e-7361-11e6-984b-00163e00416f,115.1704918,34.6210935,2016-09-13 11:42:46
115,62205a8e-7361-11e6-984b-00163e00416f,115.170405533,34.6209077,2016-09-13 11:32:34
116,62205a8e-7361-11e6-984b-00163e00416f,115.1704631,34.6210669,2016-09-13 11:22:31
117,62205a8e-7361-11e6-984b-00163e00416f,115.1704905,34.6210883,2016-09-13 11:12:16
118,62205a8e-7361-11e6-984b-00163e00416f,115.1704788,34.6210617,2016-09-13 11:02:08
119,62205a8e-7361-11e6-984b-00163e00416f,115.1702515,34.6210372867,2016-09-13 10:52:09
120,62205a8e-7361-11e6-984b-00163e00416f,115.170395413,34.6211629,2016-09-13 10:44:36
121,62205a8e-7361-11e6-984b-00163e00416f,115.1704489,34.6210617,2016-09-13 10:34:22
122,62205a8e-7361-11e6-984b-00163e00416f,115.1704856,34.6210786,2016-09-13 10:24:18
123,62205a8e-7361-11e6-984b-00163e00416f,115.170517,34.6211108,2016-09-13 10:14:15
124,62205a8e-7361-11e6-984b-00163e00416f,115.1702233,34.6210072561,2016-09-13 10:04:01
125,62205a8e-7361-11e6-984b-00163e00416f,115.170388082,34.6211599,2016-09-13 09:53:48
126,62205a8e-7361-11e6-984b-00163e00416f,115.170385288,34.6211594,2016-09-13 09:43:44
127,62205a8e-7361-11e6-984b-00163e00416f,115.17038169,34.6211778,2016-09-13 09:33:36
128,62205a8e-7361-11e6-984b-00163e00416f,115.170378697,34.6211618,2016-09-13 09:23:32
129,62205a8e-7361-11e6-984b-00163e00416f,115.170375542,34.6211708,2016-09-13 09:13:24
130,62205a8e-7361-11e6-984b-00163e00416f,115.170379517,34.62099268,2016-09-13 09:03:15
131,62205a8e-7361-11e6-984b-00163e00416f,115.170376687,34.6211559,2016-09-13 08:53:05
132,62205a8e-7361-11e6-984b-00163e00416f,115.17037349,34.6209819818,2016-09-13 08:42:56
133,62205a8e-7361-11e6-984b-00163e00416f,115.170370243,34.6209760219,2016-09-13 08:32:48
134,62205a8e-7361-11e6-984b-00163e00416f,115.170367237,34.6209699226,2016-09-13 08:22:39
135,62205a8e-7361-11e6-984b-00163e00416f,115.1704867,34.6210938,2016-09-13 08:12:30
136,62205a8e-7361-11e6-984b-00163e00416f,115.170372693,34.6208914,2016-09-13 08:02:21
137,62205a8e-7361-11e6-984b-00163e00416f,115.1704441,34.6210517,2016-09-13 07:52:17
138,62205a8e-7361-11e6-984b-00163e00416f,115.170378783,34.6208773,2016-09-13 07:42:04
139,62205a8e-7361-11e6-984b-00163e00416f,115.1702894,34.6207761,2016-09-13 07:31:55
140,62205a8e-7361-11e6-984b-00163e00416f,115.1704205,34.6210278,2016-09-13 07:21:51
141,62205a8e-7361-11e6-984b-00163e00416f,115.1704202,34.6210276,2016-09-13 07:11:37
142,62205a8e-7361-11e6-984b-00163e00416f,115.1704202,34.6210278,2016-09-13 07:01:34
143,62205a8e-7361-11e6-984b-00163e00416f,115.1704202,34.6210276,2016-09-13 06:51:20
144,62205a8e-7361-11e6-984b-00163e00416f,115.1704202,34.6210278,2016-09-13 06:41:06
145,62205a8e-7361-11e6-984b-00163e00416f,115.1704197,34.6210286,2016-09-13 06:31:03
146,62205a8e-7361-11e6-984b-00163e00416f,115.1704202,34.6210278,2016-09-13 06:20:54
147,62205a8e-7361-11e6-984b-00163e00416f,115.1704367,34.6210498,2016-09-13 06:10:50
148,62205a8e-7361-11e6-984b-00163e00416f,115.1704205,34.6210276,2016-09-13 06:00:37
149,62205a8e-7361-11e6-984b-00163e00416f,115.1702772,34.620753,2016-09-13 05:50:34
150,62205a8e-7361-11e6-984b-00163e00416f,115.1702745,34.6207389,2016-09-13 05:40:25
151,62205a8e-7361-11e6-984b-00163e00416f,115.1702767,34.6207484,2016-09-13 05:30:16
152,62205a8e-7361-11e6-984b-00163e00416f,115.1704183,34.6210262,2016-09-13 05:20:12
153,62205a8e-7361-11e6-984b-00163e00416f,115.1704183,34.6210254,2016-09-13 05:09:59
154,62205a8e-7361-11e6-984b-00163e00416f,115.1702772,34.6207476,2016-09-13 04:59:51
155,62205a8e-7361-11e6-984b-00163e00416f,115.1704188,34.6210262,2016-09-13 04:49:42
156,62205a8e-7361-11e6-984b-00163e00416f,115.1702764,34.6207492,2016-09-13 04:39:37
157,62205a8e-7361-11e6-984b-00163e00416f,115.1704186,34.6210262,2016-09-13 04:29:29
158,62205a8e-7361-11e6-984b-00163e00416f,115.1704367,34.6210506,2016-09-13 04:19:15
159,62205a8e-7361-11e6-984b-00163e00416f,115.1704186,34.621027,2016-09-13 04:09:11
160,62205a8e-7361-11e6-984b-00163e00416f,115.1704376,34.6210517,2016-09-13 03:59:03
161,62205a8e-7361-11e6-984b-00163e00416f,115.1704202,34.6210273,2016-09-13 03:48:49
162,62205a8e-7361-11e6-984b-00163e00416f,115.1704188,34.6210259,2016-09-13 03:38:45
163,62205a8e-7361-11e6-984b-00163e00416f,115.1704183,34.6210262,2016-09-13 03:28:31
164,62205a8e-7361-11e6-984b-00163e00416f,115.1704202,34.6210281,2016-09-13 03:18:27
165,62205a8e-7361-11e6-984b-00163e00416f,115.1704197,34.621027,2016-09-13 03:08:09
166,62205a8e-7361-11e6-984b-00163e00416f,115.1702767,34.6207476,2016-09-13 02:58:01
167,62205a8e-7361-11e6-984b-00163e00416f,115.1702743,34.6207284,2016-09-13 02:47:57
168,62205a8e-7361-11e6-984b-00163e00416f,115.1702786,34.6207172,2016-09-13 02:37:48
169,62205a8e-7361-11e6-984b-00163e00416f,115.1702759,34.6210274967,2016-09-13 02:27:45
170,62205a8e-7361-11e6-984b-00163e00416f,115.170420145,34.6210312267,2016-09-13 02:17:36
171,62205a8e-7361-11e6-984b-00163e00416f,115.170423357,34.6210363617,2016-09-13 02:07:22
172,62205a8e-7361-11e6-984b-00163e00416f,115.170426711,34.6210416433,2016-09-13 01:57:18
173,62205a8e-7361-11e6-984b-00163e00416f,115.170429875,34.6210200867,2016-09-13 01:47:10
174,62205a8e-7361-11e6-984b-00163e00416f,115.170429045,34.6210526067,2016-09-13 01:37:01
175,62205a8e-7361-11e6-984b-00163e00416f,115.1704308,34.6210503,2016-09-13 01:26:52
176,62205a8e-7361-11e6-984b-00163e00416f,115.1704316,34.6210514,2016-09-13 01:16:44
177,62205a8e-7361-11e6-984b-00163e00416f,115.170437318,34.6210605033,2016-09-13 01:06:40
178,62205a8e-7361-11e6-984b-00163e00416f,115.1704378,34.6210636633,2016-09-13 00:56:26
179,62205a8e-7361-11e6-984b-00163e00416f,115.170442567,34.6210687169,2016-09-13 00:46:17
180,62205a8e-7361-11e6-984b-00163e00416f,115.1704332,34.6210501,2016-09-13 00:36:13
181,62205a8e-7361-11e6-984b-00163e00416f,115.1704343,34.6210498,2016-09-13 00:26:04
182,62205a8e-7361-11e6-984b-00163e00416f,115.170448647,34.6210764533,2016-09-13 00:15:56
183,62205a8e-7361-11e6-984b-00163e00416f,115.170456168,34.62108153,2016-09-13 00:05:52
184,62205a8e-7361-11e6-984b-00163e00416f,115.17043,34.6210476,2016-09-12 23:55:43
185,62205a8e-7361-11e6-984b-00163e00416f,115.1704291,34.6210471,2016-09-12 23:45:30
186,62205a8e-7361-11e6-984b-00163e00416f,115.1704327,34.6210493,2016-09-12 23:35:21
187,62205a8e-7361-11e6-984b-00163e00416f,115.1704281,34.6210788,2016-09-12 23:25:12
188,62205a8e-7361-11e6-984b-00163e00416f,115.1704286,34.6210802,2016-09-12 23:15:09
189,62205a8e-7361-11e6-984b-00163e00416f,115.1704403,34.6210924,2016-09-12 23:05:00
190,62205a8e-7361-11e6-984b-00163e00416f,115.1704395,34.6210913,2016-09-12 22:54:51
191,62205a8e-7361-11e6-984b-00163e00416f,115.1704419,34.6210921,2016-09-12 22:44:47
192,62205a8e-7361-11e6-984b-00163e00416f,115.1704424,34.6210932,2016-09-12 22:34:41
193,62205a8e-7361-11e6-984b-00163e00416f,115.1704419,34.6210927,2016-09-12 22:24:27
194,62205a8e-7361-11e6-984b-00163e00416f,115.1704343,34.6210856,2016-09-12 21:58:27
195,62205a8e-7361-11e6-984b-00163e00416f,115.1704538,34.6211005,2016-09-12 21:47:54
196,62205a8e-7361-11e6-984b-00163e00416f,115.1704224,34.6210224,2016-09-12 21:37:41
197,62205a8e-7361-11e6-984b-00163e00416f,115.1704576,34.6211013,2016-09-12 21:27:30
198,62205a8e-7361-11e6-984b-00163e00416f,115.1704527,34.6211046,2016-09-12 21:17:21
199,62205a8e-7361-11e6-984b-00163e00416f,115.1706106,34.6211778,2016-09-12 21:07:08
200,62205a8e-7361-11e6-984b-00163e00416f,115.1704823,34.6212126,2016-09-12 20:57:00
201,62205a8e-7361-11e6-984b-00163e00416f,115.1704433,34.6210951,2016-09-12 20:46:57
202,62205a8e-7361-11e6-984b-00163e00416f,115.1704294,34.6210815,2016-09-12 20:36:48
203,62205a8e-7361-11e6-984b-00163e00416f,115.1704259,34.6210807,2016-09-12 20:26:40
204,62205a8e-7361-11e6-984b-00163e00416f,115.1704004,34.6211033183,2016-09-12 20:16:26
205,62205a8e-7361-11e6-984b-00163e00416f,115.170447,34.6211054,2016-09-12 20:06:18
206,62205a8e-7361-11e6-984b-00163e00416f,115.1706104,34.6211754,2016-09-12 19:56:14
207,62205a8e-7361-11e6-984b-00163e00416f,115.1704403,34.6210981,2016-09-12 19:46:11
208,62205a8e-7361-11e6-984b-00163e00416f,115.1704197,34.6210775,2016-09-12 19:36:04
209,62205a8e-7361-11e6-984b-00163e00416f,115.17045,34.6210978,2016-09-12 19:26:01
210,62205a8e-7361-11e6-984b-00163e00416f,115.1704229,34.6210821,2016-09-12 19:15:52
211,62205a8e-7361-11e6-984b-00163e00416f,115.17044,34.6210913,2016-09-12 19:05:42
212,62205a8e-7361-11e6-984b-00163e00416f,115.1704175,34.6210767,2016-09-12 18:55:28
213,62205a8e-7361-11e6-984b-00163e00416f,115.1706063,34.6211903,2016-09-12 18:45:23
214,62205a8e-7361-11e6-984b-00163e00416f,115.1704305,34.621072,2016-09-12 18:35:15
215,62205a8e-7361-11e6-984b-00163e00416f,115.1704224,34.6210661,2016-09-12 18:25:11
216,62205a8e-7361-11e6-984b-00163e00416f,115.1704213,34.6210645,2016-09-12 18:15:10
217,62205a8e-7361-11e6-984b-00163e00416f,115.1704468,34.6210834,2016-09-12 18:04:56
218,62205a8e-7361-11e6-984b-00163e00416f,115.170546162,34.6211133559,2016-09-12 17:54:44
219,62205a8e-7361-11e6-984b-00163e00416f,115.1705878,34.6211765,2016-09-12 17:44:36
220,62205a8e-7361-11e6-984b-00163e00416f,115.1706079,34.6211882,2016-09-12 17:34:32
221,62205a8e-7361-11e6-984b-00163e00416f,115.1706076,34.6211873,2016-09-12 17:24:27
222,62205a8e-7361-11e6-984b-00163e00416f,115.1706052,34.6211936,2016-09-12 17:14:19
223,62205a8e-7361-11e6-984b-00163e00416f,115.1706255,34.6211871,2016-09-12 17:04:15
224,62205a8e-7361-11e6-984b-00163e00416f,115.170606,34.6211689,2016-09-12 16:54:06
225,62205a8e-7361-11e6-984b-00163e00416f,115.1706063,34.6211529,2016-09-12 16:43:57
226,62205a8e-7361-11e6-984b-00163e00416f,115.1704899,34.6210623,2016-09-12 16:33:43
227,62205a8e-7361-11e6-984b-00163e00416f,115.170481,34.6210558,2016-09-12 16:23:38
228,62205a8e-7361-11e6-984b-00163e00416f,115.1704536,34.6210574,2016-09-12 16:13:29
229,62205a8e-7361-11e6-984b-00163e00416f,115.1704167,34.62111055,2016-09-12 16:03:18
230,62205a8e-7361-11e6-984b-00163e00416f,115.1704175,34.6211137936,2016-09-12 15:53:11
231,62205a8e-7361-11e6-984b-00163e00416f,115.1704628,34.6210267,2016-09-12 15:43:02
232,62205a8e-7361-11e6-984b-00163e00416f,115.1704462,34.6210406,2016-09-12 15:32:53
233,62205a8e-7361-11e6-984b-00163e00416f,115.1706038,34.6211586,2016-09-12 15:22:51
234,62205a8e-7361-11e6-984b-00163e00416f,115.1704725,34.6210533,2016-09-12 15:12:42
235,62205a8e-7361-11e6-984b-00163e00416f,115.1706519,34.6212023,2016-09-12 15:02:34
236,62205a8e-7361-11e6-984b-00163e00416f,115.170456,34.6210696,2016-09-12 14:52:29
237,62205a8e-7361-11e6-984b-00163e00416f,115.170572315,34.6210664,2016-09-12 14:42:18
238,62205a8e-7361-11e6-984b-00163e00416f,115.170576712,34.6211224179,2016-09-12 14:32:13
239,62205a8e-7361-11e6-984b-00163e00416f,115.1706429,34.6211892,2016-09-12 14:22:11
240,62205a8e-7361-11e6-984b-00163e00416f,115.17073471,34.6210416082,2016-09-12 14:12:01
241,62205a8e-7361-11e6-984b-00163e00416f,115.17073471,34.6210416082,2016-09-12 14:01:51
242,62205a8e-7361-11e6-984b-00163e00416f,115.17073471,34.6210416082,2016-09-12 13:51:45
243,62205a8e-7361-11e6-984b-00163e00416f,115.17073471,34.6210416082,2016-09-12 13:41:36
244,62205a8e-7361-11e6-984b-00163e00416f,115.17073471,34.6210416082,2016-09-12 13:31:32
245,62205a8e-7361-11e6-984b-00163e00416f,115.17073471,34.6210416082,2016-09-12 13:21:20
246,62205a8e-7361-11e6-984b-00163e00416f,115.17073471,34.6210416082,2016-09-12 13:11:11
247,62205a8e-7361-11e6-984b-00163e00416f,115.17073471,34.6210416082,2016-09-12 13:00:58
248,62205a8e-7361-11e6-984b-00163e00416f,115.17073471,34.6210416082,2016-09-12 12:50:53
249,62205a8e-7361-11e6-984b-00163e00416f,115.17073471,34.6210416082,2016-09-12 12:40:46
250,62205a8e-7361-11e6-984b-00163e00416f,115.17073471,34.6210416082,2016-09-12 12:30:34
251,62205a8e-7361-11e6-984b-00163e00416f,115.17073471,34.6210416082,2016-09-12 12:20:31
252,62205a8e-7361-11e6-984b-00163e00416f,115.17073471,34.6210416082,2016-09-12 12:10:27
253,62205a8e-7361-11e6-984b-00163e00416f,115.17073471,34.6210416082,2016-09-12 12:00:13
254,62205a8e-7361-11e6-984b-00163e00416f,115.17073471,34.6210416082,2016-09-12 11:50:04
255,62205a8e-7361-11e6-984b-00163e00416f,115.17073471,34.6210416082,2016-09-12 11:39:59
256,62205a8e-7361-11e6-984b-00163e00416f,115.17073471,34.6210416082,2016-09-12 11:30:00
257,62205a8e-7361-11e6-984b-00163e00416f,115.17073471,34.6210416082,2016-09-12 11:19:42
258,62205a8e-7361-11e6-984b-00163e00416f,115.17073471,34.6210416082,2016-09-12 11:09:39
259,62205a8e-7361-11e6-984b-00163e00416f,115.17073471,34.6210416082,2016-09-12 10:59:22
260,62205a8e-7361-11e6-984b-00163e00416f,115.17073471,34.6210416082,2016-09-12 10:49:11
261,62205a8e-7361-11e6-984b-00163e00416f,115.17073471,34.6210416082,2016-09-12 10:39:01
262,62205a8e-7361-11e6-984b-00163e00416f,115.17073471,34.6210416082,2016-09-12 10:28:57
263,62205a8e-7361-11e6-984b-00163e00416f,115.17073471,34.6210416082,2016-09-12 10:18:52
264,62205a8e-7361-11e6-984b-00163e00416f,115.17073471,34.6210416082,2016-09-12 10:08:43
265,62205a8e-7361-11e6-984b-00163e00416f,115.17073471,34.6210416082,2016-09-12 09:58:35
266,62205a8e-7361-11e6-984b-00163e00416f,115.17073471,34.6210416082,2016-09-12 09:48:32
267,62205a8e-7361-11e6-984b-00163e00416f,115.17073471,34.6210416082,2016-09-12 09:38:28
268,62205a8e-7361-11e6-984b-00163e00416f,115.17073471,34.6210416082,2016-09-12 09:28:15
269,62205a8e-7361-11e6-984b-00163e00416f,115.17073471,34.6210416082,2016-09-12 09:18:12
270,62205a8e-7361-11e6-984b-00163e00416f,115.17073471,34.6210416082,2016-09-12 09:08:00
271,62205a8e-7361-11e6-984b-00163e00416f,115.17073471,34.6210416082,2016-09-12 08:57:48
272,62205a8e-7361-11e6-984b-00163e00416f,115.17073471,34.6210416082,2016-09-12 08:47:39
273,62205a8e-7361-11e6-984b-00163e00416f,115.17073471,34.6210416082,2016-09-12 08:37:32
274,62205a8e-7361-11e6-984b-00163e00416f,115.17073471,34.6210416082,2016-09-12 08:27:29
275,62205a8e-7361-11e6-984b-00163e00416f,115.17073471,34.6210416082,2016-09-12 08:17:16
276,62205a8e-7361-11e6-984b-00163e00416f,115.17073471,34.6210416082,2016-09-12 08:07:13
277,62205a8e-7361-11e6-984b-00163e00416f,115.17073471,34.6210416082,2016-09-12 07:56:59
278,62205a8e-7361-11e6-984b-00163e00416f,115.17073471,34.6210416082,2016-09-12 07:46:48
279,62205a8e-7361-11e6-984b-00163e00416f,115.17073471,34.6210416082,2016-09-12 07:36:37
280,62205a8e-7361-11e6-984b-00163e00416f,115.17073471,34.6210416082,2016-09-12 07:26:28
281,62205a8e-7361-11e6-984b-00163e00416f,115.17073471,34.6210416082,2016-09-12 07:16:20
282,62205a8e-7361-11e6-984b-00163e00416f,115.17073471,34.6210416082,2016-09-12 07:06:16
283,62205a8e-7361-11e6-984b-00163e00416f,115.17073471,34.6210416082,2016-09-12 06:56:05
284,62205a8e-7361-11e6-984b-00163e00416f,115.17073471,34.6210416082,2016-09-12 06:45:57
285,62205a8e-7361-11e6-984b-00163e00416f,115.17073471,34.6210416082,2016-09-12 06:35:50
286,62205a8e-7361-11e6-984b-00163e00416f,115.17073471,34.6210416082,2016-09-12 06:25:38
287,62205a8e-7361-11e6-984b-00163e00416f,115.17073471,34.6210416082,2016-09-12 06:15:34
288,62205a8e-7361-11e6-984b-00163e00416f,115.17073471,34.6210416082,2016-09-12 06:05:30
289,62205a8e-7361-11e6-984b-00163e00416f,115.17073471,34.6210416082,2016-09-12 05:55:18
290,62205a8e-7361-11e6-984b-00163e00416f,115.17073471,34.6210416082,2016-09-12 05:45:03
291,62205a8e-7361-11e6-984b-00163e00416f,115.17073471,34.6210416082,2016-09-12 05:34:58
292,62205a8e-7361-11e6-984b-00163e00416f,115.17073471,34.6210416083,2016-09-12 05:24:49
293,62205a8e-7361-11e6-984b-00163e00416f,115.17073471,34.6210416083,2016-09-12 05:14:38
294,62205a8e-7361-11e6-984b-00163e00416f,115.17073471,34.6210416083,2016-09-12 05:04:24
295,62205a8e-7361-11e6-984b-00163e00416f,115.17073471,34.6210416083,2016-09-12 04:54:09
296,62205a8e-7361-11e6-984b-00163e00416f,115.17073471,34.6210416083,2016-09-12 04:43:54
297,62205a8e-7361-11e6-984b-00163e00416f,115.17073471,34.6210416083,2016-09-12 04:33:51
298,62205a8e-7361-11e6-984b-00163e00416f,115.17073471,34.6210416083,2016-09-12 04:23:35
299,62205a8e-7361-11e6-984b-00163e00416f,115.17073471,34.6210416082,2016-09-12 04:13:28
300,62205a8e-7361-11e6-984b-00163e00416f,115.17073471,34.6210416082,2016-09-12 04:03:23
301,62205a8e-7361-11e6-984b-00163e00416f,115.17073471,34.6210416082,2016-09-12 03:53:10
302,62205a8e-7361-11e6-984b-00163e00416f,115.17073471,34.6210416082,2016-09-12 03:43:03
303,62205a8e-7361-11e6-984b-00163e00416f,115.17073471,34.6210416082,2016-09-12 03:33:00
304,62205a8e-7361-11e6-984b-00163e00416f,115.17073471,34.6210416082,2016-09-12 03:22:50
305,62205a8e-7361-11e6-984b-00163e00416f,115.17073471,34.6210416082,2016-09-12 03:12:40
306,62205a8e-7361-11e6-984b-00163e00416f,115.17073471,34.6210416082,2016-09-12 03:02:34
307,62205a8e-7361-11e6-984b-00163e00416f,115.17073471,34.6210416082,2016-09-12 02:52:23
308,62205a8e-7361-11e6-984b-00163e00416f,115.17073471,34.6210416082,2016-09-12 02:42:18
309,62205a8e-7361-11e6-984b-00163e00416f,115.17073471,34.6210416082,2016-09-12 02:32:06
310,62205a8e-7361-11e6-984b-00163e00416f,115.17073471,34.6210416082,2016-09-12 02:21:58
311,62205a8e-7361-11e6-984b-00163e00416f,115.17073471,34.6210416082,2016-09-12 02:11:45
312,62205a8e-7361-11e6-984b-00163e00416f,115.17073471,34.6210416082,2016-09-12 02:01:43
313,62205a8e-7361-11e6-984b-00163e00416f,115.17073471,34.6210416082,2016-09-12 01:51:27
314,62205a8e-7361-11e6-984b-00163e00416f,115.17073471,34.6210416082,2016-09-12 01:41:20
315,62205a8e-7361-11e6-984b-00163e00416f,115.17073471,34.6210416083,2016-09-12 01:31:13
316,62205a8e-7361-11e6-984b-00163e00416f,115.17073471,34.6210416083,2016-09-12 01:20:55
317,62205a8e-7361-11e6-984b-00163e00416f,115.17073471,34.6210416083,2016-09-12 01:10:43
318,62205a8e-7361-11e6-984b-00163e00416f,115.17073471,34.6210416083,2016-09-12 01:00:36
319,62205a8e-7361-11e6-984b-00163e00416f,115.17073471,34.6210416083,2016-09-12 00:50:29
320,62205a8e-7361-11e6-984b-00163e00416f,115.17073471,34.6210416083,2016-09-12 00:40:18
321,62205a8e-7361-11e6-984b-00163e00416f,115.17073471,34.6210416083,2016-09-12 00:30:09
322,62205a8e-7361-11e6-984b-00163e00416f,115.17073471,34.6210416083,2016-09-12 00:19:57
323,62205a8e-7361-11e6-984b-00163e00416f,115.17073471,34.6210416083,2016-09-12 00:09:48
324,62205a8e-7361-11e6-984b-00163e00416f,115.17073471,34.6210416083,2016-09-11 23:59:44
325,62205a8e-7361-11e6-984b-00163e00416f,115.17073471,34.6210416083,2016-09-11 23:49:31
326,62205a8e-7361-11e6-984b-00163e00416f,115.17073471,34.6210416083,2016-09-11 23:39:24
327,62205a8e-7361-11e6-984b-00163e00416f,115.17073471,34.6210416082,2016-09-11 23:29:14
328,62205a8e-7361-11e6-984b-00163e00416f,115.17073471,34.6210416082,2016-09-11 23:19:07
329,62205a8e-7361-11e6-984b-00163e00416f,115.17073471,34.6210416082,2016-09-11 23:08:55
330,62205a8e-7361-11e6-984b-00163e00416f,115.17073471,34.6210416081,2016-09-11 22:58:49
331,62205a8e-7361-11e6-984b-00163e00416f,115.17073471,34.6210416081,2016-09-11 22:48:42
332,62205a8e-7361-11e6-984b-00163e00416f,115.17073471,34.6210416081,2016-09-11 22:38:33
333,62205a8e-7361-11e6-984b-00163e00416f,115.17073471,34.6210416081,2016-09-11 22:28:20
334,62205a8e-7361-11e6-984b-00163e00416f,115.17073471,34.6210416081,2016-09-11 22:18:10
335,62205a8e-7361-11e6-984b-00163e00416f,115.17073471,34.6210416081,2016-09-11 22:08:00
336,62205a8e-7361-11e6-984b-00163e00416f,115.17073471,34.6210416081,2016-09-11 21:58:00
337,62205a8e-7361-11e6-984b-00163e00416f,115.170734709,34.6210416081,2016-09-11 21:47:35
338,62205a8e-7361-11e6-984b-00163e00416f,115.170734709,34.6210416082,2016-09-11 21:37:25
339,62205a8e-7361-11e6-984b-00163e00416f,115.170734709,34.6210416082,2016-09-11 21:30:04
340,62205a8e-7361-11e6-984b-00163e00416f,115.170734709,34.6210416083,2016-09-11 21:19:50
341,62205a8e-7361-11e6-984b-00163e00416f,115.170734709,34.6210416084,2016-09-11 21:09:37
342,62205a8e-7361-11e6-984b-00163e00416f,115.170734709,34.6210416084,2016-09-11 20:59:33
343,62205a8e-7361-11e6-984b-00163e00416f,115.170734709,34.6210416085,2016-09-11 20:49:29
344,62205a8e-7361-11e6-984b-00163e00416f,115.170734709,34.6210416085,2016-09-11 20:39:15
345,62205a8e-7361-11e6-984b-00163e00416f,115.170734709,34.6210416087,2016-09-11 20:29:07
346,62205a8e-7361-11e6-984b-00163e00416f,115.170734709,34.6210416087,2016-09-11 20:19:03
347,62205a8e-7361-11e6-984b-00163e00416f,115.170734709,34.6210416087,2016-09-11 20:08:51
348,62205a8e-7361-11e6-984b-00163e00416f,115.170734709,34.6210416087,2016-09-11 19:58:42
349,62205a8e-7361-11e6-984b-00163e00416f,115.17073471,34.6210416086,2016-09-11 19:48:34
350,62205a8e-7361-11e6-984b-00163e00416f,115.17073471,34.6210416085,2016-09-11 19:38:29
351,62205a8e-7361-11e6-984b-00163e00416f,115.17073471,34.6210416084,2016-09-11 19:28:25
352,62205a8e-7361-11e6-984b-00163e00416f,115.170734711,34.6210416082,2016-09-11 19:18:13
353,62205a8e-7361-11e6-984b-00163e00416f,115.170734711,34.621041608,2016-09-11 19:08:04
354,62205a8e-7361-11e6-984b-00163e00416f,115.170734711,34.6210416079,2016-09-11 18:57:54
355,62205a8e-7361-11e6-984b-00163e00416f,115.170734711,34.6210416078,2016-09-11 18:47:42
356,62205a8e-7361-11e6-984b-00163e00416f,115.170734711,34.6210416076,2016-09-11 18:37:34
357,62205a8e-7361-11e6-984b-00163e00416f,115.170734711,34.6210416075,2016-09-11 18:27:20
358,62205a8e-7361-11e6-984b-00163e00416f,115.17073471,34.6210416074,2016-09-11 18:17:18
359,62205a8e-7361-11e6-984b-00163e00416f,115.17073471,34.6210416072,2016-09-11 18:07:05
360,62205a8e-7361-11e6-984b-00163e00416f,115.17073471,34.6210416071,2016-09-11 17:56:57
361,62205a8e-7361-11e6-984b-00163e00416f,115.170734709,34.621041607,2016-09-11 17:46:53
362,62205a8e-7361-11e6-984b-00163e00416f,115.170734709,34.6210416074,2016-09-11 17:36:40
363,62205a8e-7361-11e6-984b-00163e00416f,115.170734708,34.6210416077,2016-09-11 17:26:27
364,62205a8e-7361-11e6-984b-00163e00416f,115.170734708,34.621041608,2016-09-11 17:16:15
365,62205a8e-7361-11e6-984b-00163e00416f,115.170734708,34.6210416083,2016-09-11 17:06:08
366,62205a8e-7361-11e6-984b-00163e00416f,115.170734708,34.6210416086,2016-09-11 16:55:59
367,62205a8e-7361-11e6-984b-00163e00416f,115.170734708,34.6210416089,2016-09-11 16:45:51
368,62205a8e-7361-11e6-984b-00163e00416f,115.170734708,34.6210416102,2016-09-11 16:35:38
369,62205a8e-7361-11e6-984b-00163e00416f,115.170734708,34.6210416102,2016-09-11 16:25:35
370,62205a8e-7361-11e6-984b-00163e00416f,115.170734708,34.6210416102,2016-09-11 16:15:23
371,62205a8e-7361-11e6-984b-00163e00416f,115.170734708,34.6210416102,2016-09-11 16:05:10
372,62205a8e-7361-11e6-984b-00163e00416f,115.170734708,34.6210416102,2016-09-11 15:55:09
373,62205a8e-7361-11e6-984b-00163e00416f,115.170734709,34.6210416102,2016-09-11 15:44:57
374,62205a8e-7361-11e6-984b-00163e00416f,115.170734709,34.6210416102,2016-09-11 15:34:49
375,62205a8e-7361-11e6-984b-00163e00416f,115.17073471,34.6210416102,2016-09-11 15:24:36
376,62205a8e-7361-11e6-984b-00163e00416f,115.170734711,34.6210416099,2016-09-11 15:14:30
377,62205a8e-7361-11e6-984b-00163e00416f,115.170734712,34.6210416097,2016-09-11 15:04:19
378,62205a8e-7361-11e6-984b-00163e00416f,115.170734713,34.6210416089,2016-09-11 14:54:12
379,62205a8e-7361-11e6-984b-00163e00416f,115.170734714,34.6210416073,2016-09-11 14:44:06
380,62205a8e-7361-11e6-984b-00163e00416f,115.170734717,34.6210416057,2016-09-11 14:33:50
381,62205a8e-7361-11e6-984b-00163e00416f,115.170734722,34.6210416038,2016-09-11 14:23:45
382,62205a8e-7361-11e6-984b-00163e00416f,115.170734722,34.6210416021,2016-09-11 14:13:35
383,62205a8e-7361-11e6-984b-00163e00416f,115.170734722,34.6210416036,2016-09-11 14:03:23
384,62205a8e-7361-11e6-984b-00163e00416f,115.170734722,34.6210416036,2016-09-11 13:53:15
385,62205a8e-7361-11e6-984b-00163e00416f,115.170734716,34.6210416036,2016-09-11 13:43:12
386,62205a8e-7361-11e6-984b-00163e00416f,115.170734699,34.6210416036,2016-09-11 13:33:08
387,62205a8e-7361-11e6-984b-00163e00416f,115.170734699,34.6210416036,2016-09-11 13:23:00
388,62205a8e-7361-11e6-984b-00163e00416f,115.170734699,34.6210416036,2016-09-11 13:12:51
389,62205a8e-7361-11e6-984b-00163e00416f,115.170734699,34.6210416036,2016-09-11 13:02:43
390,62205a8e-7361-11e6-984b-00163e00416f,115.170734699,34.6210416036,2016-09-11 12:52:30
391,62205a8e-7361-11e6-984b-00163e00416f,115.170734699,34.6210416036,2016-09-11 12:42:24
392,62205a8e-7361-11e6-984b-00163e00416f,115.170734699,34.6210416178,2016-09-11 12:32:14
393,62205a8e-7361-11e6-984b-00163e00416f,115.170734699,34.6210416178,2016-09-11 12:22:11
394,62205a8e-7361-11e6-984b-00163e00416f,115.170734699,34.6210416178,2016-09-11 12:12:06
395,62205a8e-7361-11e6-984b-00163e00416f,115.170734699,34.6210416178,2016-09-11 12:01:56
396,62205a8e-7361-11e6-984b-00163e00416f,115.170734699,34.6210416178,2016-09-11 11:51:48
397,62205a8e-7361-11e6-984b-00163e00416f,115.170734703,34.6210416178,2016-09-11 11:41:40
398,62205a8e-7361-11e6-984b-00163e00416f,115.170734706,34.6210416178,2016-09-11 11:31:29
399,62205a8e-7361-11e6-984b-00163e00416f,115.17073471,34.6210416178,2016-09-11 11:21:18
400,62205a8e-7361-11e6-984b-00163e00416f,115.170734714,34.6210416178,2016-09-11 11:11:12
401,62205a8e-7361-11e6-984b-00163e00416f,115.170734717,34.6210416125,2016-09-11 11:01:01
402,62205a8e-7361-11e6-984b-00163e00416f,115.170734721,34.6210416125,2016-09-11 10:51:00
403,62205a8e-7361-11e6-984b-00163e00416f,115.170734724,34.6210416125,2016-09-11 10:40:47
404,62205a8e-7361-11e6-984b-00163e00416f,115.170734727,34.6210416125,2016-09-11 10:30:35
405,62205a8e-7361-11e6-984b-00163e00416f,115.17073473,34.6210416153,2016-09-11 10:20:32
406,62205a8e-7361-11e6-984b-00163e00416f,115.170734733,34.6210416019,2016-09-11 10:10:24
407,62205a8e-7361-11e6-984b-00163e00416f,115.170734741,34.6210416019,2016-09-11 10:00:20
408,62205a8e-7361-11e6-984b-00163e00416f,115.170734741,34.6210415857,2016-09-11 09:50:11
409,62205a8e-7361-11e6-984b-00163e00416f,115.170734741,34.6210415585,2016-09-11 09:39:59
410,62205a8e-7361-11e6-984b-00163e00416f,115.170734819,34.6210415585,2016-09-11 09:29:52
411,62205a8e-7361-11e6-984b-00163e00416f,115.170734819,34.6210415486,2016-09-11 09:19:45
412,62205a8e-7361-11e6-984b-00163e00416f,115.17073475,34.6210415486,2016-09-11 09:09:34
413,62205a8e-7361-11e6-984b-00163e00416f,115.17073475,34.6210415599,2016-09-11 08:59:26
414,62205a8e-7361-11e6-984b-00163e00416f,115.170734699,34.6210415709,2016-09-11 08:49:23
415,62205a8e-7361-11e6-984b-00163e00416f,115.170734561,34.6210416214,2016-09-11 08:39:17
416,62205a8e-7361-11e6-984b-00163e00416f,115.170734561,34.6210416214,2016-09-11 08:29:06
417,62205a8e-7361-11e6-984b-00163e00416f,115.170734616,34.6210416214,2016-09-11 08:19:00
418,62205a8e-7361-11e6-984b-00163e00416f,115.170734663,34.6210416214,2016-09-11 08:08:54
419,62205a8e-7361-11e6-984b-00163e00416f,115.170734663,34.6210416214,2016-09-11 07:58:42
420,62205a8e-7361-11e6-984b-00163e00416f,115.170734663,34.6210416214,2016-09-11 07:48:32
421,62205a8e-7361-11e6-984b-00163e00416f,115.170734663,34.6210416214,2016-09-11 07:38:28
422,62205a8e-7361-11e6-984b-00163e00416f,115.170734663,34.6210419,2016-09-11 07:28:21
423,62205a8e-7361-11e6-984b-00163e00416f,115.170734663,34.6210417,2016-09-11 07:18:14
424,62205a8e-7361-11e6-984b-00163e00416f,115.170734663,34.6210417,2016-09-11 07:08:06
425,62205a8e-7361-11e6-984b-00163e00416f,115.170734663,34.6210416099,2016-09-11 06:57:54
426,62205a8e-7361-11e6-984b-00163e00416f,115.170734663,34.6210416099,2016-09-11 06:47:42
427,62205a8e-7361-11e6-984b-00163e00416f,115.170734822,34.6210416099,2016-09-11 06:37:35
428,62205a8e-7361-11e6-984b-00163e00416f,115.170734822,34.621041618,2016-09-11 06:27:25
429,62205a8e-7361-11e6-984b-00163e00416f,115.170734822,34.621041618,2016-09-11 06:17:17
430,62205a8e-7361-11e6-984b-00163e00416f,115.170734822,34.621041618,2016-09-11 06:07:11
431,62205a8e-7361-11e6-984b-00163e00416f,115.170734822,34.6210414,2016-09-11 05:57:05
432,62205a8e-7361-11e6-984b-00163e00416f,115.170734822,34.6210416248,2016-09-11 05:46:54
433,62205a8e-7361-11e6-984b-00163e00416f,115.170734822,34.6210416248,2016-09-11 05:36:41
434,62205a8e-7361-11e6-984b-00163e00416f,115.170734822,34.6210416433,2016-09-11 05:26:33
435,62205a8e-7361-11e6-984b-00163e00416f,115.170734822,34.6210417,2016-09-11 05:16:21
436,62205a8e-7361-11e6-984b-00163e00416f,115.170734822,34.6210411,2016-09-11 05:06:14
437,62205a8e-7361-11e6-984b-00163e00416f,115.170734822,34.6210417,2016-09-11 04:56:02
438,62205a8e-7361-11e6-984b-00163e00416f,115.170734822,34.6210411,2016-09-11 04:45:55
439,62205a8e-7361-11e6-984b-00163e00416f,115.170734822,34.6210409,2016-09-11 04:35:47
440,62205a8e-7361-11e6-984b-00163e00416f,115.170737082,34.6210414,2016-09-11 04:25:34
441,62205a8e-7361-11e6-984b-00163e00416f,115.170734902,34.6210411,2016-09-11 04:15:24
442,62205a8e-7361-11e6-984b-00163e00416f,115.170732205,34.6210417,2016-09-11 04:05:22
443,62205a8e-7361-11e6-984b-00163e00416f,115.170735231,34.6210419,2016-09-11 03:55:13
444,62205a8e-7361-11e6-984b-00163e00416f,115.170733162,34.6210419,2016-09-11 03:45:08
445,62205a8e-7361-11e6-984b-00163e00416f,115.170731205,34.6210422,2016-09-11 03:35:03
446,62205a8e-7361-11e6-984b-00163e00416f,115.170733783,34.6210419,2016-09-11 03:24:51
447,62205a8e-7361-11e6-984b-00163e00416f,115.170736241,34.6210417,2016-09-11 03:14:39
448,62205a8e-7361-11e6-984b-00163e00416f,115.170738727,34.6210419,2016-09-11 03:04:32
449,62205a8e-7361-11e6-984b-00163e00416f,115.170734335,34.6210414,2016-09-11 02:54:22
450,62205a8e-7361-11e6-984b-00163e00416f,115.170734335,34.6210414,2016-09-11 02:44:13
451,62205a8e-7361-11e6-984b-00163e00416f,115.170734335,34.6210414,2016-09-11 02:34:02
452,62205a8e-7361-11e6-984b-00163e00416f,115.170734335,34.6210414,2016-09-11 02:23:54
453,62205a8e-7361-11e6-984b-00163e00416f,115.170734335,34.6210417,2016-09-11 02:13:42
454,62205a8e-7361-11e6-984b-00163e00416f,115.170734335,34.6210419,2016-09-11 02:03:30
455,62205a8e-7361-11e6-984b-00163e00416f,115.170734335,34.6210419,2016-09-11 01:53:24
456,62205a8e-7361-11e6-984b-00163e00416f,115.170734335,34.6210419,2016-09-11 01:43:09
457,62205a8e-7361-11e6-984b-00163e00416f,115.170739584,34.6210419,2016-09-11 01:33:03
458,62205a8e-7361-11e6-984b-00163e00416f,115.170739584,34.6210417,2016-09-11 01:22:56
459,62205a8e-7361-11e6-984b-00163e00416f,115.170739584,34.6210419,2016-09-11 01:12:43
460,62205a8e-7361-11e6-984b-00163e00416f,115.170733868,34.6210414,2016-09-11 01:02:34
461,62205a8e-7361-11e6-984b-00163e00416f,115.170733868,34.6210414,2016-09-11 00:52:22
462,62205a8e-7361-11e6-984b-00163e00416f,115.170733868,34.6210417,2016-09-11 00:42:12
463,62205a8e-7361-11e6-984b-00163e00416f,115.170733868,34.6210419,2016-09-11 00:32:08
464,62205a8e-7361-11e6-984b-00163e00416f,115.170733868,34.6210422,2016-09-11 00:21:56
465,62205a8e-7361-11e6-984b-00163e00416f,115.170733868,34.6210411,2016-09-11 00:11:49
466,62205a8e-7361-11e6-984b-00163e00416f,115.170733868,34.6210409,2016-09-11 00:01:39
467,62205a8e-7361-11e6-984b-00163e00416f,115.170733868,34.6210409,2016-09-10 23:51:33
468,62205a8e-7361-11e6-984b-00163e00416f,115.170733868,34.6210414,2016-09-10 23:41:22
469,62205a8e-7361-11e6-984b-00163e00416f,115.170733868,34.6210395,2016-09-10 23:31:17
470,62205a8e-7361-11e6-984b-00163e00416f,115.1708049,34.6210799,2016-09-10 23:21:05
471,62205a8e-7361-11e6-984b-00163e00416f,115.1706695,34.6212172,2016-09-10 23:12:28
472,62205a8e-7361-11e6-984b-00163e00416f,115.1706513,34.6211909,2016-09-10 23:01:01
473,62205a8e-7361-11e6-984b-00163e00416f,115.170826,34.6210541,2016-09-10 22:50:54
474,62205a8e-7361-11e6-984b-00163e00416f,115.1706711,34.6212014,2016-09-10 22:40:48
475,62205a8e-7361-11e6-984b-00163e00416f,115.1706725,34.6211963,2016-09-10 22:30:43
476,62205a8e-7361-11e6-984b-00163e00416f,115.1708111,34.6210786,2016-09-10 22:00:20
477,62205a8e-7361-11e6-984b-00163e00416f,115.17081,34.6210783,2016-09-10 21:50:03
478,62205a8e-7361-11e6-984b-00163e00416f,115.1708133,34.6210938,2016-09-10 21:40:02
479,62205a8e-7361-11e6-984b-00163e00416f,115.1702026,34.6205729,2016-09-10 21:32:47
480,62205a8e-7361-11e6-984b-00163e00416f,115.1708672,34.6209589,2016-09-10 21:22:30
481,62205a8e-7361-11e6-984b-00163e00416f,115.1707954,34.621062,2016-09-10 21:11:57
482,62205a8e-7361-11e6-984b-00163e00416f,115.1706415,34.6211835,2016-09-10 21:01:51
483,62205a8e-7361-11e6-984b-00163e00416f,115.1708363,34.621078,2016-09-10 20:51:44
484,62205a8e-7361-11e6-984b-00163e00416f,115.1708114,34.6210927,2016-09-10 20:41:38
485,62205a8e-7361-11e6-984b-00163e00416f,115.1708038,34.6210875,2016-09-10 20:31:26
486,62205a8e-7361-11e6-984b-00163e00416f,115.1707601,34.6211119,2016-09-10 20:21:34
487,62205a8e-7361-11e6-984b-00163e00416f,115.1708165,34.6210688,2016-09-10 20:12:14
488,62205a8e-7361-11e6-984b-00163e00416f,115.1706768,34.62119,2016-09-10 20:02:03
489,62205a8e-7361-11e6-984b-00163e00416f,115.1708491,34.62096,2016-09-10 19:51:50
490,62205a8e-7361-11e6-984b-00163e00416f,115.1704354,34.6206687,2016-09-10 19:41:48
491,62205a8e-7361-11e6-984b-00163e00416f,115.170797,34.621081,2016-09-10 19:31:36
492,62205a8e-7361-11e6-984b-00163e00416f,115.1708059,34.6210924,2016-09-10 19:21:25
493,62205a8e-7361-11e6-984b-00163e00416f,115.1707747,34.6211016,2016-09-10 19:11:08
494,62205a8e-7361-11e6-984b-00163e00416f,115.1708049,34.6210837,2016-09-10 19:01:06
495,62205a8e-7361-11e6-984b-00163e00416f,115.1707815,34.6210992,2016-09-10 18:50:58
496,62205a8e-7361-11e6-984b-00163e00416f,115.1707756,34.621106,2016-09-10 18:40:47
497,62205a8e-7361-11e6-984b-00163e00416f,115.1707726,34.6210959,2016-09-10 18:30:46
498,62205a8e-7361-11e6-984b-00163e00416f,115.1707671,34.6211089,2016-09-10 18:20:34
499,62205a8e-7361-11e6-984b-00163e00416f,115.1706041,34.6209136,2016-09-10 18:10:23
500,62205a8e-7361-11e6-984b-00163e00416f,115.1706407,34.6212099,2016-09-10 18:00:18
501,62205a8e-7361-11e6-984b-00163e00416f,115.1704481,34.6210503,2016-09-10 17:50:07
502,62205a8e-7361-11e6-984b-00163e00416f,115.170785,34.6210902,2016-09-10 17:39:56
503,62205a8e-7361-11e6-984b-00163e00416f,115.1704446,34.6210571,2016-09-10 17:29:50
504,62205a8e-7361-11e6-984b-00163e00416f,115.170434,34.6210881,2016-09-10 17:19:49
505,62205a8e-7361-11e6-984b-00163e00416f,115.170446,34.6210539,2016-09-10 17:09:38
506,62205a8e-7361-11e6-984b-00163e00416f,115.1704313,34.6210658,2016-09-10 16:59:31
507,62205a8e-7361-11e6-984b-00163e00416f,115.1704324,34.6210753,2016-09-10 16:49:19
508,62205a8e-7361-11e6-984b-00163e00416f,115.170469,34.6210775,2016-09-10 16:39:17
509,62205a8e-7361-11e6-984b-00163e00416f,115.1704701,34.6210653,2016-09-10 16:29:10
510,62205a8e-7361-11e6-984b-00163e00416f,115.1704408,34.6210688,2016-09-10 16:18:58
511,62205a8e-7361-11e6-984b-00163e00416f,115.1704622,34.6210666,2016-09-10 16:08:57
512,62205a8e-7361-11e6-984b-00163e00416f,115.1704441,34.6210533,2016-09-10 15:58:42
513,62205a8e-7361-11e6-984b-00163e00416f,115.1704367,34.6210745,2016-09-10 15:48:36
514,62205a8e-7361-11e6-984b-00163e00416f,115.1704441,34.6210788,2016-09-10 15:38:23
515,62205a8e-7361-11e6-984b-00163e00416f,115.1704259,34.6210799,2016-09-10 15:28:12
516,62205a8e-7361-11e6-984b-00163e00416f,115.1704492,34.6210465,2016-09-10 15:18:02
517,62205a8e-7361-11e6-984b-00163e00416f,115.1704414,34.6210723,2016-09-10 15:07:56
518,62205a8e-7361-11e6-984b-00163e00416f,115.1704487,34.621087,2016-09-10 14:57:46
519,62205a8e-7361-11e6-984b-00163e00416f,115.170462,34.6210935,2016-09-10 14:47:40
520,62205a8e-7361-11e6-984b-00163e00416f,115.1705979,34.6211732,2016-09-10 14:37:28
521,62205a8e-7361-11e6-984b-00163e00416f,115.1704313,34.6210889,2016-09-10 14:27:21
522,62205a8e-7361-11e6-984b-00163e00416f,115.1704286,34.6210881,2016-09-10 14:17:16
523,62205a8e-7361-11e6-984b-00163e00416f,115.1704457,34.6210615,2016-09-10 14:07:11
524,62205a8e-7361-11e6-984b-00163e00416f,115.1704354,34.6210645,2016-09-10 13:57:01
525,62205a8e-7361-11e6-984b-00163e00416f,115.1704381,34.6210704,2016-09-10 13:46:55
526,62205a8e-7361-11e6-984b-00163e00416f,115.1704264,34.621065,2016-09-10 13:36:44
527,62205a8e-7361-11e6-984b-00163e00416f,115.1704682,34.6210552,2016-09-10 13:26:37
528,62205a8e-7361-11e6-984b-00163e00416f,115.170485,34.621084,2016-09-10 13:16:30
529,62205a8e-7361-11e6-984b-00163e00416f,115.1704405,34.6210794,2016-09-10 13:06:20
530,62205a8e-7361-11e6-984b-00163e00416f,115.1706353,34.6211941,2016-09-10 12:56:12
531,62205a8e-7361-11e6-984b-00163e00416f,115.1704565,34.6210761,2016-09-10 12:46:11
532,62205a8e-7361-11e6-984b-00163e00416f,115.1706025,34.6211534,2016-09-10 12:36:05
533,62205a8e-7361-11e6-984b-00163e00416f,115.1704549,34.6210517,2016-09-10 12:25:56
534,62205a8e-7361-11e6-984b-00163e00416f,115.1704568,34.6210767,2016-09-10 12:15:47
535,62205a8e-7361-11e6-984b-00163e00416f,115.170465,34.621081,2016-09-10 12:05:23
536,62205a8e-7361-11e6-984b-00163e00416f,115.1704628,34.6210742,2016-09-10 11:56:44
537,62205a8e-7361-11e6-984b-00163e00416f,115.1704506,34.6210794,2016-09-10 11:45:31
538,62205a8e-7361-11e6-984b-00163e00416f,115.1704419,34.621068,2016-09-10 11:35:22
539,62205a8e-7361-11e6-984b-00163e00416f,115.1704593,34.6210734,2016-09-10 11:25:14
540,62205a8e-7361-11e6-984b-00163e00416f,115.1704785,34.6210872,2016-09-10 11:14:45
541,62205a8e-7361-11e6-984b-00163e00416f,115.1706106,34.6211561,2016-09-10 11:04:42
542,62205a8e-7361-11e6-984b-00163e00416f,115.1704343,34.6210723,2016-09-10 10:54:34
543,62205a8e-7361-11e6-984b-00163e00416f,115.1704508,34.6210639,2016-09-10 10:44:54
544,62205a8e-7361-11e6-984b-00163e00416f,115.1704378,34.6210891,2016-09-10 10:33:22
545,62205a8e-7361-11e6-984b-00163e00416f,115.1704706,34.6210775,2016-09-10 10:23:14
546,62205a8e-7361-11e6-984b-00163e00416f,115.1704761,34.6210818,2016-09-10 10:13:11
547,62205a8e-7361-11e6-984b-00163e00416f,115.1704628,34.6210683,2016-09-10 10:03:02
548,62205a8e-7361-11e6-984b-00163e00416f,115.1704693,34.6210824,2016-09-10 09:52:56
549,62205a8e-7361-11e6-984b-00163e00416f,115.1704484,34.6210352,2016-09-10 09:42:41
